WKT,crs,path,year,utm_zone,utm_west,utm_south,utm_east,utm_north,wgs84_west,wgs84_south,wgs84_east,wgs84_north
"POLYGON((-123 47.33938628722773,-123 47.37624291135454,-123 47.41309929736542,-123 47.44995544528806,-123 47.48681135515059,-123 47.52366702698149,-123 47.56052246080969,-123 47.59737765666444,-123 47.63423261457546,-123 47.6710873345728,-123 47.70794181668693,-123 47.74479606094872,-123 47.78165006738941,-123 47.81850383604066,-123 47.85535736693449,-123 47.89221066010337,-123 47.92906371558006,-123 47.96591653339784,-123 48.00276911359027,-123 48.03962145619136,-123 48.07647356123553,-122.9450092173744 48.0764604031461,-122.8900185135143 48.07642092892485,-122.8350279671845 48.07635513871279,-122.7800376571482 48.07626303274506,-122.7250476621666 48.07614461135073,-122.6700580609982 48.075999874953,-122.6150689323975 48.07582882406899,-122.5600803551153 48.07563145930991,-122.5050924078969 48.07540778138095,-122.4501051694822 48.07515779108129,-122.3951187186045 48.07488148930414,-122.3401331339902 48.07457887703667,-122.2851484943576 48.07424995536002,-122.2301648784166 48.07389472544927,-122.1751823648678 48.07351318857349,-122.1202010324019 48.07310534609567,-122.0652209596987 48.07267119947268,-122.010242225427 48.07221075025532,-121.955264908243 48.07172400008827,-121.9002890867904 48.07121095071005,-121.9010734164568 48.03436560388344,-121.9018561757669 47.99752000993004,-121.9026373687139 47.96067416884159,-121.9034169992773 47.92382808061008,-121.904195071422 47.88698174522787,-121.9049715890993 47.85013516268755,-121.9057465562465 47.81328833298207,-121.906519976787 47.77644125610465,-121.9072918546303 47.73959393204881,-121.9080621936723 47.70274636080841,-121.9088309977951 47.66589854237759,-121.9095982708671 47.62905047675081,-121.9103640167433 47.59220216392279,-121.9111282392652 47.55535360388864,-121.9118909422606 47.51850479664369,-121.9126521295442 47.48165574218364,-121.9134118049171 47.44480644050447,-121.9141699721673 47.40795689160248,-121.9149266350694 47.37110709547427,-121.915681797385 47.33425705211675,-121.9698884622378 47.33475709993883,-122.0240965491654 47.33523151478764,-122.0783059833943 47.33568029500494,-122.1325166901392 47.33610343902198,-122.1867285946037 47.33650094535956,-122.2409416219811 47.33687281262809,-122.2951556974547 47.33721903952751,-122.3493707461986 47.33753962484738,-122.4035866933787 47.33783456746686,-122.4578034641528 47.33810386635475,-122.5120209836716 47.33834752056946,-122.5662391770793 47.33856552925904,-122.6204579695141 47.33875789166122,-122.6746772861092 47.33892460710339,-122.7288970519929 47.33906567500257,-122.7831171922898 47.33918109486547,-122.8373376321212 47.33927086628852,-122.8915582966058 47.33933498895778,-122.9457791108603 47.33937346264904,-123 47.33938628722773))",EPSG:32610,gs://alphaearth_foundations/satellite_embedding/v1/annual/2017/10N/xji7e85sjteygbe4v-0000000000-0000000000.tiff,2017,10N,500000,5242880,581920,5324800,-123,47.3342570521168,-121.90028908679,48.0764735612355
"POLYGON((-123 47.33938628722773,-123 47.37624291135454,-123 47.41309929736542,-123 47.44995544528806,-123 47.48681135515059,-123 47.52366702698149,-123 47.56052246080969,-123 47.59737765666444,-123 47.63423261457546,-123 47.6710873345728,-123 47.70794181668693,-123 47.74479606094872,-123 47.78165006738941,-123 47.81850383604066,-123 47.85535736693449,-123 47.89221066010337,-123 47.92906371558006,-123 47.96591653339784,-123 48.00276911359027,-123 48.03962145619136,-123 48.07647356123553,-122.9450092173744 48.0764604031461,-122.8900185135143 48.07642092892485,-122.8350279671845 48.07635513871279,-122.7800376571482 48.07626303274506,-122.7250476621666 48.07614461135073,-122.6700580609982 48.075999874953,-122.6150689323975 48.07582882406899,-122.5600803551153 48.07563145930991,-122.5050924078969 48.07540778138095,-122.4501051694822 48.07515779108129,-122.3951187186045 48.07488148930414,-122.3401331339902 48.07457887703667,-122.2851484943576 48.07424995536002,-122.2301648784166 48.07389472544927,-122.1751823648678 48.07351318857349,-122.1202010324019 48.07310534609567,-122.0652209596987 48.07267119947268,-122.010242225427 48.07221075025532,-121.955264908243 48.07172400008827,-121.9002890867904 48.07121095071005,-121.9010734164568 48.03436560388344,-121.9018561757669 47.99752000993004,-121.9026373687139 47.96067416884159,-121.9034169992773 47.92382808061008,-121.904195071422 47.88698174522787,-121.9049715890993 47.85013516268755,-121.9057465562465 47.81328833298207,-121.906519976787 47.77644125610465,-121.9072918546303 47.73959393204881,-121.9080621936723 47.70274636080841,-121.9088309977951 47.66589854237759,-121.9095982708671 47.62905047675081,-121.9103640167433 47.59220216392279,-121.9111282392652 47.55535360388864,-121.9118909422606 47.51850479664369,-121.9126521295442 47.48165574218364,-121.9134118049171 47.44480644050447,-121.9141699721673 47.40795689160248,-121.9149266350694 47.37110709547427,-121.915681797385 47.33425705211675,-121.9698884622378 47.33475709993883,-122.0240965491654 47.33523151478764,-122.0783059833943 47.33568029500494,-122.1325166901392 47.33610343902198,-122.1867285946037 47.33650094535956,-122.2409416219811 47.33687281262809,-122.2951556974547 47.33721903952751,-122.3493707461986 47.33753962484738,-122.4035866933787 47.33783456746686,-122.4578034641528 47.33810386635475,-122.5120209836716 47.33834752056946,-122.5662391770793 47.33856552925904,-122.6204579695141 47.33875789166122,-122.6746772861092 47.33892460710339,-122.7288970519929 47.33906567500257,-122.7831171922898 47.33918109486547,-122.8373376321212 47.33927086628852,-122.8915582966058 47.33933498895778,-122.9457791108603 47.33937346264904,-123 47.33938628722773))",EPSG:32610,gs://alphaearth_foundations/satellite_embedding/v1/annual/2018/10N/xfksxmosj95u9zimp-0000000000-0000000000.tiff,2018,10N,500000,5242880,581920,5324800,-123,47.3342570521168,-121.90028908679,48.0764735612355
"POLYGON((-123 47.33938628722773,-123 47.37624291135454,-123 47.41309929736542,-123 47.44995544528806,-123 47.48681135515059,-123 47.52366702698149,-123 47.56052246080969,-123 47.59737765666444,-123 47.63423261457546,-123 47.6710873345728,-123 47.70794181668693,-123 47.74479606094872,-123 47.78165006738941,-123 47.81850383604066,-123 47.85535736693449,-123 47.89221066010337,-123 47.92906371558006,-123 47.96591653339784,-123 48.00276911359027,-123 48.03962145619136,-123 48.07647356123553,-122.9450092173744 48.0764604031461,-122.8900185135143 48.07642092892485,-122.8350279671845 48.07635513871279,-122.7800376571482 48.07626303274506,-122.7250476621666 48.07614461135073,-122.6700580609982 48.075999874953,-122.6150689323975 48.07582882406899,-122.5600803551153 48.07563145930991,-122.5050924078969 48.07540778138095,-122.4501051694822 48.07515779108129,-122.3951187186045 48.07488148930414,-122.3401331339902 48.07457887703667,-122.2851484943576 48.07424995536002,-122.2301648784166 48.07389472544927,-122.1751823648678 48.07351318857349,-122.1202010324019 48.07310534609567,-122.0652209596987 48.07267119947268,-122.010242225427 48.07221075025532,-121.955264908243 48.07172400008827,-121.9002890867904 48.07121095071005,-121.9010734164568 48.03436560388344,-121.9018561757669 47.99752000993004,-121.9026373687139 47.96067416884159,-121.9034169992773 47.92382808061008,-121.904195071422 47.88698174522787,-121.9049715890993 47.85013516268755,-121.9057465562465 47.81328833298207,-121.906519976787 47.77644125610465,-121.9072918546303 47.73959393204881,-121.9080621936723 47.70274636080841,-121.9088309977951 47.66589854237759,-121.9095982708671 47.62905047675081,-121.9103640167433 47.59220216392279,-121.9111282392652 47.55535360388864,-121.9118909422606 47.51850479664369,-121.9126521295442 47.48165574218364,-121.9134118049171 47.44480644050447,-121.9141699721673 47.40795689160248,-121.9149266350694 47.37110709547427,-121.915681797385 47.33425705211675,-121.9698884622378 47.33475709993883,-122.0240965491654 47.33523151478764,-122.0783059833943 47.33568029500494,-122.1325166901392 47.33610343902198,-122.1867285946037 47.33650094535956,-122.2409416219811 47.33687281262809,-122.2951556974547 47.33721903952751,-122.3493707461986 47.33753962484738,-122.4035866933787 47.33783456746686,-122.4578034641528 47.33810386635475,-122.5120209836716 47.33834752056946,-122.5662391770793 47.33856552925904,-122.6204579695141 47.33875789166122,-122.6746772861092 47.33892460710339,-122.7288970519929 47.33906567500257,-122.7831171922898 47.33918109486547,-122.8373376321212 47.33927086628852,-122.8915582966058 47.33933498895778,-122.9457791108603 47.33937346264904,-123 47.33938628722773))",EPSG:32610,gs://alphaearth_foundations/satellite_embedding/v1/annual/2019/10N/x85iuv1a0cpwp4p1h-0000000000-0000000000.tiff,2019,10N,500000,5242880,581920,5324800,-123,47.3342570521168,-121.90028908679,48.0764735612355
"POLYGON((-123 47.33938628722773,-123 47.37624291135454,-123 47.41309929736542,-123 47.44995544528806,-123 47.48681135515059,-123 47.52366702698149,-123 47.56052246080969,-123 47.59737765666444,-123 47.63423261457546,-123 47.6710873345728,-123 47.70794181668693,-123 47.74479606094872,-123 47.78165006738941,-123 47.81850383604066,-123 47.85535736693449,-123 47.89221066010337,-123 47.92906371558006,-123 47.96591653339784,-123 48.00276911359027,-123 48.03962145619136,-123 48.07647356123553,-122.9450092173744 48.0764604031461,-122.8900185135143 48.07642092892485,-122.8350279671845 48.07635513871279,-122.7800376571482 48.07626303274506,-122.7250476621666 48.07614461135073,-122.6700580609982 48.075999874953,-122.6150689323975 48.07582882406899,-122.5600803551153 48.07563145930991,-122.5050924078969 48.07540778138095,-122.4501051694822 48.07515779108129,-122.3951187186045 48.07488148930414,-122.3401331339902 48.07457887703667,-122.2851484943576 48.07424995536002,-122.2301648784166 48.07389472544927,-122.1751823648678 48.07351318857349,-122.1202010324019 48.07310534609567,-122.0652209596987 48.07267119947268,-122.010242225427 48.07221075025532,-121.955264908243 48.07172400008827,-121.9002890867904 48.07121095071005,-121.9010734164568 48.03436560388344,-121.9018561757669 47.99752000993004,-121.9026373687139 47.96067416884159,-121.9034169992773 47.92382808061008,-121.904195071422 47.88698174522787,-121.9049715890993 47.85013516268755,-121.9057465562465 47.81328833298207,-121.906519976787 47.77644125610465,-121.9072918546303 47.73959393204881,-121.9080621936723 47.70274636080841,-121.9088309977951 47.66589854237759,-121.9095982708671 47.62905047675081,-121.9103640167433 47.59220216392279,-121.9111282392652 47.55535360388864,-121.9118909422606 47.51850479664369,-121.9126521295442 47.48165574218364,-121.9134118049171 47.44480644050447,-121.9141699721673 47.40795689160248,-121.9149266350694 47.37110709547427,-121.915681797385 47.33425705211675,-121.9698884622378 47.33475709993883,-122.0240965491654 47.33523151478764,-122.0783059833943 47.33568029500494,-122.1325166901392 47.33610343902198,-122.1867285946037 47.33650094535956,-122.2409416219811 47.33687281262809,-122.2951556974547 47.33721903952751,-122.3493707461986 47.33753962484738,-122.4035866933787 47.33783456746686,-122.4578034641528 47.33810386635475,-122.5120209836716 47.33834752056946,-122.5662391770793 47.33856552925904,-122.6204579695141 47.33875789166122,-122.6746772861092 47.33892460710339,-122.7288970519929 47.33906567500257,-122.7831171922898 47.33918109486547,-122.8373376321212 47.33927086628852,-122.8915582966058 47.33933498895778,-122.9457791108603 47.33937346264904,-123 47.33938628722773))",EPSG:32610,gs://alphaearth_foundations/satellite_embedding/v1/annual/2020/10N/xlcww5ebogk9trfe6-0000000000-0000000000.tiff,2020,10N,500000,5242880,581920,5324800,-123,47.3342570521168,-121.90028908679,48.0764735612355
"POLYGON((-123 47.33938628722773,-123 47.37624291135454,-123 47.41309929736542,-123 47.44995544528806,-123 47.48681135515059,-123 47.52366702698149,-123 47.56052246080969,-123 47.59737765666444,-123 47.63423261457546,-123 47.6710873345728,-123 47.70794181668693,-123 47.74479606094872,-123 47.78165006738941,-123 47.81850383604066,-123 47.85535736693449,-123 47.89221066010337,-123 47.92906371558006,-123 47.96591653339784,-123 48.00276911359027,-123 48.03962145619136,-123 48.07647356123553,-122.9450092173744 48.0764604031461,-122.8900185135143 48.07642092892485,-122.8350279671845 48.07635513871279,-122.7800376571482 48.07626303274506,-122.7250476621666 48.07614461135073,-122.6700580609982 48.075999874953,-122.6150689323975 48.07582882406899,-122.5600803551153 48.07563145930991,-122.5050924078969 48.07540778138095,-122.4501051694822 48.07515779108129,-122.3951187186045 48.07488148930414,-122.3401331339902 48.07457887703667,-122.2851484943576 48.07424995536002,-122.2301648784166 48.07389472544927,-122.1751823648678 48.07351318857349,-122.1202010324019 48.07310534609567,-122.0652209596987 48.07267119947268,-122.010242225427 48.07221075025532,-121.955264908243 48.07172400008827,-121.9002890867904 48.07121095071005,-121.9010734164568 48.03436560388344,-121.9018561757669 47.99752000993004,-121.9026373687139 47.96067416884159,-121.9034169992773 47.92382808061008,-121.904195071422 47.88698174522787,-121.9049715890993 47.85013516268755,-121.9057465562465 47.81328833298207,-121.906519976787 47.77644125610465,-121.9072918546303 47.73959393204881,-121.9080621936723 47.70274636080841,-121.9088309977951 47.66589854237759,-121.9095982708671 47.62905047675081,-121.9103640167433 47.59220216392279,-121.9111282392652 47.55535360388864,-121.9118909422606 47.51850479664369,-121.9126521295442 47.48165574218364,-121.9134118049171 47.44480644050447,-121.9141699721673 47.40795689160248,-121.9149266350694 47.37110709547427,-121.915681797385 47.33425705211675,-121.9698884622378 47.33475709993883,-122.0240965491654 47.33523151478764,-122.0783059833943 47.33568029500494,-122.1325166901392 47.33610343902198,-122.1867285946037 47.33650094535956,-122.2409416219811 47.33687281262809,-122.2951556974547 47.33721903952751,-122.3493707461986 47.33753962484738,-122.4035866933787 47.33783456746686,-122.4578034641528 47.33810386635475,-122.5120209836716 47.33834752056946,-122.5662391770793 47.33856552925904,-122.6204579695141 47.33875789166122,-122.6746772861092 47.33892460710339,-122.7288970519929 47.33906567500257,-122.7831171922898 47.33918109486547,-122.8373376321212 47.33927086628852,-122.8915582966058 47.33933498895778,-122.9457791108603 47.33937346264904,-123 47.33938628722773))",EPSG:32610,gs://alphaearth_foundations/satellite_embedding/v1/annual/2021/10N/xq4clqziehytym49f-0000000000-0000000000.tiff,2021,10N,500000,5242880,581920,5324800,-123,47.3342570521168,-121.90028908679,48.0764735612355
"POLYGON((-123 47.33938628722773,-123 47.37624291135454,-123 47.41309929736542,-123 47.44995544528806,-123 47.48681135515059,-123 47.52366702698149,-123 47.56052246080969,-123 47.59737765666444,-123 47.63423261457546,-123 47.6710873345728,-123 47.70794181668693,-123 47.74479606094872,-123 47.78165006738941,-123 47.81850383604066,-123 47.85535736693449,-123 47.89221066010337,-123 47.92906371558006,-123 47.96591653339784,-123 48.00276911359027,-123 48.03962145619136,-123 48.07647356123553,-122.9450092173744 48.0764604031461,-122.8900185135143 48.07642092892485,-122.8350279671845 48.07635513871279,-122.7800376571482 48.07626303274506,-122.7250476621666 48.07614461135073,-122.6700580609982 48.075999874953,-122.6150689323975 48.07582882406899,-122.5600803551153 48.07563145930991,-122.5050924078969 48.07540778138095,-122.4501051694822 48.07515779108129,-122.3951187186045 48.07488148930414,-122.3401331339902 48.07457887703667,-122.2851484943576 48.07424995536002,-122.2301648784166 48.07389472544927,-122.1751823648678 48.07351318857349,-122.1202010324019 48.07310534609567,-122.0652209596987 48.07267119947268,-122.010242225427 48.07221075025532,-121.955264908243 48.07172400008827,-121.9002890867904 48.07121095071005,-121.9010734164568 48.03436560388344,-121.9018561757669 47.99752000993004,-121.9026373687139 47.96067416884159,-121.9034169992773 47.92382808061008,-121.904195071422 47.88698174522787,-121.9049715890993 47.85013516268755,-121.9057465562465 47.81328833298207,-121.906519976787 47.77644125610465,-121.9072918546303 47.73959393204881,-121.9080621936723 47.70274636080841,-121.9088309977951 47.66589854237759,-121.9095982708671 47.62905047675081,-121.9103640167433 47.59220216392279,-121.9111282392652 47.55535360388864,-121.9118909422606 47.51850479664369,-121.9126521295442 47.48165574218364,-121.9134118049171 47.44480644050447,-121.9141699721673 47.40795689160248,-121.9149266350694 47.37110709547427,-121.915681797385 47.33425705211675,-121.9698884622378 47.33475709993883,-122.0240965491654 47.33523151478764,-122.0783059833943 47.33568029500494,-122.1325166901392 47.33610343902198,-122.1867285946037 47.33650094535956,-122.2409416219811 47.33687281262809,-122.2951556974547 47.33721903952751,-122.3493707461986 47.33753962484738,-122.4035866933787 47.33783456746686,-122.4578034641528 47.33810386635475,-122.5120209836716 47.33834752056946,-122.5662391770793 47.33856552925904,-122.6204579695141 47.33875789166122,-122.6746772861092 47.33892460710339,-122.7288970519929 47.33906567500257,-122.7831171922898 47.33918109486547,-122.8373376321212 47.33927086628852,-122.8915582966058 47.33933498895778,-122.9457791108603 47.33937346264904,-123 47.33938628722773))",EPSG:32610,gs://alphaearth_foundations/satellite_embedding/v1/annual/2022/10N/x8khcf9p2h1lj2hy3-0000000000-0000000000.tiff,2022,10N,500000,5242880,581920,5324800,-123,47.3342570521168,-121.90028908679,48.0764735612355
"POLYGON((-123 47.33938628722773,-123 47.37624291135454,-123 47.41309929736542,-123 47.44995544528806,-123 47.48681135515059,-123 47.52366702698149,-123 47.56052246080969,-123 47.59737765666444,-123 47.63423261457546,-123 47.6710873345728,-123 47.70794181668693,-123 47.74479606094872,-123 47.78165006738941,-123 47.81850383604066,-123 47.85535736693449,-123 47.89221066010337,-123 47.92906371558006,-123 47.96591653339784,-123 48.00276911359027,-123 48.03962145619136,-123 48.07647356123553,-122.9450092173744 48.0764604031461,-122.8900185135143 48.07642092892485,-122.8350279671845 48.07635513871279,-122.7800376571482 48.07626303274506,-122.7250476621666 48.07614461135073,-122.6700580609982 48.075999874953,-122.6150689323975 48.07582882406899,-122.5600803551153 48.07563145930991,-122.5050924078969 48.07540778138095,-122.4501051694822 48.07515779108129,-122.3951187186045 48.07488148930414,-122.3401331339902 48.07457887703667,-122.2851484943576 48.07424995536002,-122.2301648784166 48.07389472544927,-122.1751823648678 48.07351318857349,-122.1202010324019 48.07310534609567,-122.0652209596987 48.07267119947268,-122.010242225427 48.07221075025532,-121.955264908243 48.07172400008827,-121.9002890867904 48.07121095071005,-121.9010734164568 48.03436560388344,-121.9018561757669 47.99752000993004,-121.9026373687139 47.96067416884159,-121.9034169992773 47.92382808061008,-121.904195071422 47.88698174522787,-121.9049715890993 47.85013516268755,-121.9057465562465 47.81328833298207,-121.906519976787 47.77644125610465,-121.9072918546303 47.73959393204881,-121.9080621936723 47.70274636080841,-121.9088309977951 47.66589854237759,-121.9095982708671 47.62905047675081,-121.9103640167433 47.59220216392279,-121.9111282392652 47.55535360388864,-121.9118909422606 47.51850479664369,-121.9126521295442 47.48165574218364,-121.9134118049171 47.44480644050447,-121.9141699721673 47.40795689160248,-121.9149266350694 47.37110709547427,-121.915681797385 47.33425705211675,-121.9698884622378 47.33475709993883,-122.0240965491654 47.33523151478764,-122.0783059833943 47.33568029500494,-122.1325166901392 47.33610343902198,-122.1867285946037 47.33650094535956,-122.2409416219811 47.33687281262809,-122.2951556974547 47.33721903952751,-122.3493707461986 47.33753962484738,-122.4035866933787 47.33783456746686,-122.4578034641528 47.33810386635475,-122.5120209836716 47.33834752056946,-122.5662391770793 47.33856552925904,-122.6204579695141 47.33875789166122,-122.6746772861092 47.33892460710339,-122.7288970519929 47.33906567500257,-122.7831171922898 47.33918109486547,-122.8373376321212 47.33927086628852,-122.8915582966058 47.33933498895778,-122.9457791108603 47.33937346264904,-123 47.33938628722773))",EPSG:32610,gs://alphaearth_foundations/satellite_embedding/v1/annual/2023/10N/xfwzfzzhw4vepg47j-0000000000-0000000000.tiff,2023,10N,500000,5242880,581920,5324800,-123,47.3342570521168,-121.90028908679,48.0764735612355
"POLYGON((-123 47.33938628722773,-123 47.37624291135454,-123 47.41309929736542,-123 47.44995544528806,-123 47.48681135515059,-123 47.52366702698149,-123 47.56052246080969,-123 47.59737765666444,-123 47.63423261457546,-123 47.6710873345728,-123 47.70794181668693,-123 47.74479606094872,-123 47.78165006738941,-123 47.81850383604066,-123 47.85535736693449,-123 47.89221066010337,-123 47.92906371558006,-123 47.96591653339784,-123 48.00276911359027,-123 48.03962145619136,-123 48.07647356123553,-122.9450092173744 48.0764604031461,-122.8900185135143 48.07642092892485,-122.8350279671845 48.07635513871279,-122.7800376571482 48.07626303274506,-122.7250476621666 48.07614461135073,-122.6700580609982 48.075999874953,-122.6150689323975 48.07582882406899,-122.5600803551153 48.07563145930991,-122.5050924078969 48.07540778138095,-122.4501051694822 48.07515779108129,-122.3951187186045 48.07488148930414,-122.3401331339902 48.07457887703667,-122.2851484943576 48.07424995536002,-122.2301648784166 48.07389472544927,-122.1751823648678 48.07351318857349,-122.1202010324019 48.07310534609567,-122.0652209596987 48.07267119947268,-122.010242225427 48.07221075025532,-121.955264908243 48.07172400008827,-121.9002890867904 48.07121095071005,-121.9010734164568 48.03436560388344,-121.9018561757669 47.99752000993004,-121.9026373687139 47.96067416884159,-121.9034169992773 47.92382808061008,-121.904195071422 47.88698174522787,-121.9049715890993 47.85013516268755,-121.9057465562465 47.81328833298207,-121.906519976787 47.77644125610465,-121.9072918546303 47.73959393204881,-121.9080621936723 47.70274636080841,-121.9088309977951 47.66589854237759,-121.9095982708671 47.62905047675081,-121.9103640167433 47.59220216392279,-121.9111282392652 47.55535360388864,-121.9118909422606 47.51850479664369,-121.9126521295442 47.48165574218364,-121.9134118049171 47.44480644050447,-121.9141699721673 47.40795689160248,-121.9149266350694 47.37110709547427,-121.915681797385 47.33425705211675,-121.9698884622378 47.33475709993883,-122.0240965491654 47.33523151478764,-122.0783059833943 47.33568029500494,-122.1325166901392 47.33610343902198,-122.1867285946037 47.33650094535956,-122.2409416219811 47.33687281262809,-122.2951556974547 47.33721903952751,-122.3493707461986 47.33753962484738,-122.4035866933787 47.33783456746686,-122.4578034641528 47.33810386635475,-122.5120209836716 47.33834752056946,-122.5662391770793 47.33856552925904,-122.6204579695141 47.33875789166122,-122.6746772861092 47.33892460710339,-122.7288970519929 47.33906567500257,-122.7831171922898 47.33918109486547,-122.8373376321212 47.33927086628852,-122.8915582966058 47.33933498895778,-122.9457791108603 47.33937346264904,-123 47.33938628722773))",EPSG:32610,gs://alphaearth_foundations/satellite_embedding/v1/annual/2024/10N/xtov5u7fbnhefzsh1-0000000000-0000000000.tiff,2024,10N,500000,5242880,581920,5324800,-123,47.3342570521168,-121.90028908679,48.0764735612355
"POLYGON((-123 47.33938628722773,-123 47.37624291135454,-123 47.41309929736542,-123 47.44995544528806,-123 47.48681135515059,-123 47.52366702698149,-123 47.56052246080969,-123 47.59737765666444,-123 47.63423261457546,-123 47.6710873345728,-123 47.70794181668693,-123 47.74479606094872,-123 47.78165006738941,-123 47.81850383604066,-123 47.85535736693449,-123 47.89221066010337,-123 47.92906371558006,-123 47.96591653339784,-123 48.00276911359027,-123 48.03962145619136,-123 48.07647356123553,-122.9450092173744 48.0764604031461,-122.8900185135143 48.07642092892485,-122.8350279671845 48.07635513871279,-122.7800376571482 48.07626303274506,-122.7250476621666 48.07614461135073,-122.6700580609982 48.075999874953,-122.6150689323975 48.07582882406899,-122.5600803551153 48.07563145930991,-122.5050924078969 48.07540778138095,-122.4501051694822 48.07515779108129,-122.3951187186045 48.07488148930414,-122.3401331339902 48.07457887703667,-122.2851484943576 48.07424995536002,-122.2301648784166 48.07389472544927,-122.1751823648678 48.07351318857349,-122.1202010324019 48.07310534609567,-122.0652209596987 48.07267119947268,-122.010242225427 48.07221075025532,-121.955264908243 48.07172400008827,-121.9002890867904 48.07121095071005,-121.9010734164568 48.03436560388344,-121.9018561757669 47.99752000993004,-121.9026373687139 47.96067416884159,-121.9034169992773 47.92382808061008,-121.904195071422 47.88698174522787,-121.9049715890993 47.85013516268755,-121.9057465562465 47.81328833298207,-121.906519976787 47.77644125610465,-121.9072918546303 47.73959393204881,-121.9080621936723 47.70274636080841,-121.9088309977951 47.66589854237759,-121.9095982708671 47.62905047675081,-121.9103640167433 47.59220216392279,-121.9111282392652 47.55535360388864,-121.9118909422606 47.51850479664369,-121.9126521295442 47.48165574218364,-121.9134118049171 47.44480644050447,-121.9141699721673 47.40795689160248,-121.9149266350694 47.37110709547427,-121.915681797385 47.33425705211675,-121.9698884622378 47.33475709993883,-122.0240965491654 47.33523151478764,-122.0783059833943 47.33568029500494,-122.1325166901392 47.33610343902198,-122.1867285946037 47.33650094535956,-122.2409416219811 47.33687281262809,-122.2951556974547 47.33721903952751,-122.3493707461986 47.33753962484738,-122.4035866933787 47.33783456746686,-122.4578034641528 47.33810386635475,-122.5120209836716 47.33834752056946,-122.5662391770793 47.33856552925904,-122.6204579695141 47.33875789166122,-122.6746772861092 47.33892460710339,-122.7288970519929 47.33906567500257,-122.7831171922898 47.33918109486547,-122.8373376321212 47.33927086628852,-122.8915582966058 47.33933498895778,-122.9457791108603 47.33937346264904,-123 47.33938628722773))",EPSG:32610,gs://alphaearth_foundations/satellite_embedding/v1/annual/2025/10N/xc9iobu5hc5re52jn-0000000000-0000000000.tiff,2025,10N,500000,5242880,581920,5324800,-123,47.3342570521168,-121.90028908679,48.0764735612355
